timestamp,name,utilization.gpu [%],memory.used [MiB],memory.total [MiB],temperature.gpu,power.draw [W],clocks.sm [MHz]
2026/07/14 05:53:18.071, NVIDIA GeForce RTX 4070 Laptop GPU, 0, 0, 8188, 49, 22.09, 2175
2026/07/14 05:54:18.120, NVIDIA GeForce RTX 4070 Laptop GPU, 90, 2791, 8188, 65, 54.79, 1860
2026/07/14 05:55:18.155, NVIDIA GeForce RTX 4070 Laptop GPU, 96, 7937, 8188, 62, 54.66, 1860
2026/07/14 05:56:18.195, NVIDIA GeForce RTX 4070 Laptop GPU, 92, 7929, 8188, 59, 54.07, 2145
2026/07/14 05:57:18.226, NVIDIA GeForce RTX 4070 Laptop GPU, 100, 7929, 8188, 59, 35.40, 2490
2026/07/14 05:58:18.261, NVIDIA GeForce RTX 4070 Laptop GPU, 96, 7929, 8188, 62, 54.91, 1935
2026/07/14 05:59:18.334, NVIDIA GeForce RTX 4070 Laptop GPU, 93, 7929, 8188, 61, 54.86, 2085
2026/07/14 06:00:18.365, NVIDIA GeForce RTX 4070 Laptop GPU, 100, 7929, 8188, 59, 31.29, 2490
2026/07/14 06:01:18.401, NVIDIA GeForce RTX 4070 Laptop GPU, 97, 7929, 8188, 63, 42.24, 2025
2026/07/14 06:02:18.438, NVIDIA GeForce RTX 4070 Laptop GPU, 96, 7929, 8188, 60, 54.91, 1965
2026/07/14 06:03:18.489, NVIDIA GeForce RTX 4070 Laptop GPU, 100, 7929, 8188, 59, 33.35, 2490
2026/07/14 06:04:18.544, NVIDIA GeForce RTX 4070 Laptop GPU, 95, 7929, 8188, 62, 55.25, 1920
2026/07/14 06:05:18.589, NVIDIA GeForce RTX 4070 Laptop GPU, 100, 7929, 8188, 57, 32.46, 2490
2026/07/14 06:06:18.626, NVIDIA GeForce RTX 4070 Laptop GPU, 100, 7929, 8188, 62, 37.01, 1830
2026/07/14 06:07:18.659, NVIDIA GeForce RTX 4070 Laptop GPU, 78, 7929, 8188, 62, 44.12, 2490
2026/07/14 06:08:18.702, NVIDIA GeForce RTX 4070 Laptop GPU, 82, 7929, 8188, 64, 60.08, 2160
2026/07/14 06:09:18.737, NVIDIA GeForce RTX 4070 Laptop GPU, 100, 7929, 8188, 58, 43.87, 2310
2026/07/14 06:10:18.772, NVIDIA GeForce RTX 4070 Laptop GPU, 96, 7929, 8188, 62, 54.99, 1875
2026/07/14 06:11:18.804, NVIDIA GeForce RTX 4070 Laptop GPU, 94, 7929, 8188, 61, 54.94, 2025
2026/07/14 06:12:18.845, NVIDIA GeForce RTX 4070 Laptop GPU, 88, 7929, 8188, 61, 55.74, 2070
2026/07/14 06:13:18.879, NVIDIA GeForce RTX 4070 Laptop GPU, 96, 7929, 8188, 61, 54.89, 1950
2026/07/14 06:14:18.920, NVIDIA GeForce RTX 4070 Laptop GPU, 95, 7929, 8188, 61, 54.85, 1950
2026/07/14 06:15:18.969, NVIDIA GeForce RTX 4070 Laptop GPU, 100, 7929, 8188, 59, 44.13, 2490
2026/07/14 06:16:19.008, NVIDIA GeForce RTX 4070 Laptop GPU, 100, 7929, 8188, 60, 33.34, 1920
2026/07/14 06:17:19.048, NVIDIA GeForce RTX 4070 Laptop GPU, 100, 7929, 8188, 60, 44.98, 2490
2026/07/14 06:18:19.089, NVIDIA GeForce RTX 4070 Laptop GPU, 95, 7929, 8188, 62, 54.97, 1875
2026/07/14 06:19:19.127, NVIDIA GeForce RTX 4070 Laptop GPU, 97, 7929, 8188, 61, 54.77, 1920
2026/07/14 06:20:19.186, NVIDIA GeForce RTX 4070 Laptop GPU, 93, 7929, 8188, 61, 48.90, 2490
2026/07/14 06:21:19.223, NVIDIA GeForce RTX 4070 Laptop GPU, 93, 7929, 8188, 63, 47.97, 2490
2026/07/14 06:22:19.263, NVIDIA GeForce RTX 4070 Laptop GPU, 99, 7929, 8188, 61, 54.92, 1890
2026/07/14 06:23:19.292, NVIDIA GeForce RTX 4070 Laptop GPU, 92, 7929, 8188, 61, 55.21, 2100
2026/07/14 06:24:19.334, NVIDIA GeForce RTX 4070 Laptop GPU, 91, 7929, 8188, 60, 57.19, 2175
2026/07/14 06:25:19.376, NVIDIA GeForce RTX 4070 Laptop GPU, 100, 7929, 8188, 59, 34.39, 2490
2026/07/14 06:26:19.412, NVIDIA GeForce RTX 4070 Laptop GPU, 98, 7929, 8188, 62, 54.85, 1965
2026/07/14 06:27:19.445, NVIDIA GeForce RTX 4070 Laptop GPU, 95, 7929, 8188, 61, 54.75, 1980
2026/07/14 06:28:19.492, NVIDIA GeForce RTX 4070 Laptop GPU, 100, 7929, 8188, 61, 34.32, 1845
2026/07/14 06:29:19.536, NVIDIA GeForce RTX 4070 Laptop GPU, 100, 7929, 8188, 60, 32.56, 2490
2026/07/14 06:30:19.572, NVIDIA GeForce RTX 4070 Laptop GPU, 95, 7929, 8188, 62, 39.89, 2160
2026/07/14 06:31:19.619, NVIDIA GeForce RTX 4070 Laptop GPU, 96, 7929, 8188, 62, 54.95, 1950
2026/07/14 06:32:19.677, NVIDIA GeForce RTX 4070 Laptop GPU, 97, 7929, 8188, 62, 54.97, 2040
2026/07/14 06:33:19.714, NVIDIA GeForce RTX 4070 Laptop GPU, 92, 7929, 8188, 61, 54.76, 1980
2026/07/14 06:34:19.742, NVIDIA GeForce RTX 4070 Laptop GPU, 81, 7929, 8188, 62, 54.35, 2385
2026/07/14 06:35:19.781, NVIDIA GeForce RTX 4070 Laptop GPU, 90, 7929, 8188, 63, 56.21, 2115
2026/07/14 06:36:19.818, NVIDIA GeForce RTX 4070 Laptop GPU, 100, 7929, 8188, 59, 31.25, 2490
2026/07/14 06:37:19.859, NVIDIA GeForce RTX 4070 Laptop GPU, 95, 7929, 8188, 62, 55.06, 1980
2026/07/14 06:38:19.899, NVIDIA GeForce RTX 4070 Laptop GPU, 92, 7929, 8188, 61, 55.72, 2175
2026/07/14 06:39:19.955, NVIDIA GeForce RTX 4070 Laptop GPU, 100, 7929, 8188, 58, 32.43, 2490
2026/07/14 06:40:20.000, NVIDIA GeForce RTX 4070 Laptop GPU, 100, 7929, 8188, 59, 38.99, 2490
2026/07/14 06:41:21.819, NVIDIA GeForce RTX 4070 Laptop GPU, 100, 7929, 8188, 62, 36.56, 1845
2026/07/14 06:42:21.870, NVIDIA GeForce RTX 4070 Laptop GPU, 98, 7929, 8188, 62, 54.89, 1920
2026/07/14 06:43:21.927, NVIDIA GeForce RTX 4070 Laptop GPU, 93, 7929, 8188, 59, 54.92, 2085
2026/07/14 06:44:21.961, NVIDIA GeForce RTX 4070 Laptop GPU, 100, 7929, 8188, 58, 32.16, 2490
2026/07/14 06:45:22.015, NVIDIA GeForce RTX 4070 Laptop GPU, 100, 7929, 8188, 59, 31.70, 2490
2026/07/14 06:46:22.055, NVIDIA GeForce RTX 4070 Laptop GPU, 100, 7929, 8188, 62, 39.24, 1815
2026/07/14 06:47:22.107, NVIDIA GeForce RTX 4070 Laptop GPU, 97, 7929, 8188, 61, 55.04, 2040
2026/07/14 06:48:22.144, NVIDIA GeForce RTX 4070 Laptop GPU, 79, 7929, 8188, 62, 55.90, 2430
2026/07/14 06:49:22.177, NVIDIA GeForce RTX 4070 Laptop GPU, 76, 7929, 8188, 62, 49.12, 2490
2026/07/14 06:50:22.218, NVIDIA GeForce RTX 4070 Laptop GPU, 94, 7929, 8188, 59, 49.19, 2175
2026/07/14 06:51:22.272, NVIDIA GeForce RTX 4070 Laptop GPU, 100, 7929, 8188, 59, 33.39, 2490
2026/07/14 06:52:22.308, NVIDIA GeForce RTX 4070 Laptop GPU, 98, 7929, 8188, 62, 54.98, 1920
2026/07/14 06:53:22.365, NVIDIA GeForce RTX 4070 Laptop GPU, 96, 7905, 8188, 61, 54.88, 2055
2026/07/14 06:54:22.417, NVIDIA GeForce RTX 4070 Laptop GPU, 100, 7905, 8188, 58, 33.53, 2490
2026/07/14 06:55:22.479, NVIDIA GeForce RTX 4070 Laptop GPU, 100, 7905, 8188, 60, 33.09, 2490
2026/07/14 06:56:22.517, NVIDIA GeForce RTX 4070 Laptop GPU, 100, 7905, 8188, 64, 32.36, 1815
2026/07/14 06:57:22.549, NVIDIA GeForce RTX 4070 Laptop GPU, 96, 7905, 8188, 61, 54.89, 1950
2026/07/14 06:58:22.600, NVIDIA GeForce RTX 4070 Laptop GPU, 100, 7905, 8188, 58, 34.91, 2490
2026/07/14 06:59:22.670, NVIDIA GeForce RTX 4070 Laptop GPU, 100, 7905, 8188, 59, 34.49, 2490
2026/07/14 07:00:22.711, NVIDIA GeForce RTX 4070 Laptop GPU, 96, 7905, 8188, 62, 54.92, 1965
2026/07/14 07:01:22.749, NVIDIA GeForce RTX 4070 Laptop GPU, 95, 7905, 8188, 61, 54.85, 2025
2026/07/14 07:02:22.793, NVIDIA GeForce RTX 4070 Laptop GPU, 100, 7905, 8188, 59, 44.52, 2490
2026/07/14 07:03:22.855, NVIDIA GeForce RTX 4070 Laptop GPU, 85, 7905, 8188, 63, 54.82, 2370
2026/07/14 07:04:22.906, NVIDIA GeForce RTX 4070 Laptop GPU, 90, 7905, 8188, 63, 52.71, 2205
2026/07/14 07:05:22.956, NVIDIA GeForce RTX 4070 Laptop GPU, 76, 7905, 8188, 62, 49.31, 2490
